-- MySQL dump 10.13  Distrib 5.6.13, for osx10.8 (x86_64)
--
-- Host: localhost    Database: gca
-- ------------------------------------------------------
-- Server version	5.6.14

/*!40101 SET @OLD_CHARACTER_SET_CLIENT=@@CHARACTER_SET_CLIENT */;
/*!40101 SET @OLD_CHARACTER_SET_RESULTS=@@CHARACTER_SET_RESULTS */;
/*!40101 SET @OLD_COLLATION_CONNECTION=@@COLLATION_CONNECTION */;
/*!40101 SET NAMES utf8 */;
/*!40103 SET @OLD_TIME_ZONE=@@TIME_ZONE */;
/*!40103 SET TIME_ZONE='+00:00' */;
/*!40014 SET @OLD_UNIQUE_CHECKS=@@UNIQUE_CHECKS, UNIQUE_CHECKS=0 */;
/*!40014 SET @OLD_FOREIGN_KEY_CHECKS=@@FOREIGN_KEY_CHECKS, FOREIGN_KEY_CHECKS=0 */;
/*!40101 SET @OLD_SQL_MODE=@@SQL_MODE, SQL_MODE='NO_AUTO_VALUE_ON_ZERO' */;
/*!40111 SET @OLD_SQL_NOTES=@@SQL_NOTES, SQL_NOTES=0 */;

--
-- Table structure for table `coach`
--

DROP TABLE IF EXISTS `coach`;
/*!40101 SET @saved_cs_client     = @@character_set_client */;
/*!40101 SET character_set_client = utf8 */;
CREATE TABLE `coach` (
  `id` int(11) NOT NULL AUTO_INCREMENT,
  `college` int(11) DEFAULT NULL,
  `sport` int(11) DEFAULT NULL,
  `name` varchar(255) DEFAULT NULL,
  `title` varchar(255) DEFAULT NULL,
  `phone` varchar(255) DEFAULT NULL,
  `email` varchar(255) DEFAULT NULL,
  `profile_url` varchar(255) DEFAULT NULL,
  PRIMARY KEY (`id`)
) ENGINE=InnoDB AUTO_INCREMENT=1051 DEFAULT CHARSET=latin1;
/*!40101 SET character_set_client = @saved_cs_client */;

--
-- Dumping data for table `coach`
--

LOCK TABLES `coach` WRITE;
/*!40000 ALTER TABLE `coach` DISABLE KEYS */;
INSERT INTO `coach` VALUES (535,3,26,'Bruce Chalas','Head Women\'s Golf Coach','(617) 358-3137','bchalas@bu.edu','http://goterriers.cstv.com/sports/w-golf/mtt/chalas_bruce00.html'),(536,3,15,'Nancy Feldman','Head Women\'s Soccer Coach','(617) 353-8456','nfeldman@bu.edu','http://www.goterriers.com/sports/w-soccer/mtt/feldman_nancy00.html'),(537,3,15,'Jessica Clinton','Associate Head Women\'s Soccer Coach','(617) 353-2069','jclinton@bu.edu','http://www.goterriers.com/sports/w-soccer/mtt/clinton_jessica00.html'),(538,3,15,'Casey Brown','Assistant Women\'s Soccer Coach','(617) 353-2069','cnbrown@bu.edu','http://www.goterriers.com/sports/w-soccer/mtt/casey_brown_843517.html'),(539,3,11,'Kelly Greenberg','Head Women\'s Basketball Coach','(617) 358-3791','greenbrg@bu.edu','http://www.goterriers.com/sports/w-baskbl/mtt/greenberg_kelly00.html'),(540,3,11,'Mike Leflar','Associate Head Women\'s Basketball Coach','(617) 358-2973','mleflar@bu.edu','http://www.goterriers.com/sports/w-baskbl/mtt/leflar_michael00.html'),(541,3,11,'Charmaine Steele Jordan','Assistant Women\'s Basketball Coach','(617) 353-8678','cvsteele@bu.edu','http://www.goterriers.com/sports/w-baskbl/mtt/steelejordan_charmaine00.html'),(542,3,11,'Jenna Loschiavo','Assistant Women\'s Basketball Coach','(617) 353-8677','jlosch@bu.edu','http://www.goterriers.com/sports/w-baskbl/mtt/loschiavo_jenna00.html'),(543,3,11,'Brendan Burke','Director of Basketball Operations','(617) 353-4942','brendanb@bu.edu','http://www.goterriers.com/genrel/burke_brendan00.html'),(544,3,11,'Caroline Stewart','Video Coordinator',NULL,'cdstew@bu.edu','http://www.goterriers.com/sports/w-baskbl/mtt/caroline_stewart_868962.html'),(545,3,6,'David Quinn','Head Men\'s Ice Hockey Coach','(617) 353-4639','hockey@bu.edu','http://www.goterriers.com/sports/m-hockey/mtt/david_quinn_317200.html'),(546,3,13,'Liz Robertshaw','Head Women\'s Lacrosse Coach','(617) 353-2094','earobert@bu.edu','http://www.goterriers.com/sports/w-lacros/mtt/robertshaw_liz00.html'),(547,3,13,'Kim Hillier','Assistant Women\'s Lacrosse Coach','(617) 353-8458','khillier@bu.edu','http://www.goterriers.com/sports/w-lacros/mtt/hillier_kim00.html'),(548,3,13,'Natalie Wills','Assistant Women\'s Lacrosse Coach','(617) 358-4165','nwills@bu.edu','http://www.goterriers.com/sports/w-lacros/mtt/wills_natalie00.html'),(549,3,22,'Bill Smyth','Head Swimming/Diving Coach','(617) 358-3765','wsmyth@bu.edu','http://www.goterriers.com/sports/m-swim/mtt/smyth_bill00.html'),(550,3,16,'Bill Smyth','Head Swimming/Diving Coach','(617) 358-3765','wsmyth@bu.edu','http://www.goterriers.com/sports/m-swim/mtt/smyth_bill00.html'),(551,3,22,'Jen Strasburger','Associate Swimming Coach','(617) 358-3940','jstras@bu.edu','http://www.goterriers.com/sports/m-swim/mtt/strasburger_jen00.html'),(552,3,16,'Jen Strasburger','Associate Swimming Coach','(617) 358-3940','jstras@bu.edu','http://www.goterriers.com/sports/m-swim/mtt/strasburger_jen00.html'),(553,3,22,'Agnes Miller','Diving Coach','(617) 358-3941','agmiller@bu.edu','http://www.goterriers.com/sports/w-swim/mtt/gerlachmiller_agnes00.html'),(554,3,16,'Agnes Miller','Diving Coach','(617) 358-3941','agmiller@bu.edu','http://www.goterriers.com/sports/w-swim/mtt/gerlachmiller_agnes00.html'),(555,3,3,'Sally Starr','Head Field Hockey Coach','(617) 353-0894','sfstarr@bu.edu','http://www.goterriers.com/sports/w-fieldh/mtt/starr_sally00.html'),(556,3,3,'Tracey Paul','Associate Head Field Hockey Coach','(617) 353-3189','tpaul@bu.edu','http://www.goterriers.com/sports/w-fieldh/mtt/paul_tracey00.html'),(557,3,3,'Sarah Shute','Assistant Field Hockey Coach','(617) 353-8848','sshute@bu.edu','http://www.goterriers.com/sports/w-fieldh/mtt/shute_sarah00.html'),(558,3,8,'Neil Roberts','Head Men\'s Soccer Coach','(617) 358-3793','neilrob@bu.edu','http://www.goterriers.com/sports/m-soccer/mtt/roberts_neil00.html'),(559,3,8,'Scott Black','Assistant Men\'s Soccer Coach','(617) 353-2883','sblack@bu.edu','http://www.goterriers.com/sports/m-soccer/mtt/black_scott00.html'),(560,3,8,'Francis Okaroh','Assistant Men\'s Soccer Coach','(617) 353-7761','fokaroh@bu.edu','http://www.goterriers.com/sports/m-soccer/mtt/okaroh_francis00.html'),(561,3,23,'Dejan Stankovic','Interim Head Men\'s Tennis Coach','(617) 358-3138','mtennis@bu.edu','http://www.goterriers.com/sports/m-tennis/mtt/dejan_stankovic_881744.html'),(562,3,5,'Joe Jones','Head Men\'s Basketball Coach','(617) 358-0749','jbianco@bu.edu','http://www.goterriers.com/sports/m-baskbl/mtt/jones_joe00.html'),(563,3,5,'Curtis Wilson','Assistant Men\'s Basketball Coach','(617) 358-0747','cpwilson@bu.edu','http://www.goterriers.com/sports/m-baskbl/mtt/wilson_curtis00.html'),(564,3,5,'Carmen Maciariello','Assistant Men\'s Basketball Coach','(617) 358-1120','coachcam@bu.edu','http://www.goterriers.com/sports/m-baskbl/mtt/maciariello_carmen00.html'),(565,3,5,'Shaun Morris','Assistant Men\'s Basketball Coach','(617) 358-0748','spm@bu.edu','http://www.goterriers.com/sports/m-baskbl/mtt/morris_shaun00.html'),(566,3,5,'Joe Bianco','Director of Basketball Operations','(617) 353-4630','jbianco@bu.edu','http://www.goterriers.com/sports/m-baskbl/mtt/bianco_joe00.html'),(567,3,21,'Ryan Polley','Head Men\'s Lacrosse Coach','(617) 358-0365','mlax@bu.edu','http://www.goterriers.com/sports/m-lacros/mtt/polley_ryan00.html'),(568,3,21,'Justin Domingos','Assistant Men\'s Lacrosse Coach','(617) 358-0755','jjdoming@bu.edu','http://www.goterriers.com/sports/m-lacros/mtt/justin_domingos_849975.html'),(569,3,21,'Drew Kelleher','Assistant Men\'s Lacrosse Coach','(617) 358-0366','akellehe@bu.edu','http://www.goterriers.com/sports/m-lacros/mtt/kelleher_drew00.html'),(570,3,24,'Kathryn Gleason','Head Softball Coach','(617) 358-3794','kathryng@bu.edu','http://www.goterriers.com/sports/w-softbl/mtt/gleason_kathryn00.html'),(571,3,24,'Jen McIntyre','Associate Softball Head Coach','(617) 353-5709','jenmac@bu.edu','http://www.goterriers.com/sports/w-softbl/mtt/jen_mcintyre_864208.html'),(572,3,24,'Bill McDonald','Assistant Softball Coach','(617) 353-5709','billymc@bu.edu','http://www.goterriers.com/sports/w-softbl/mtt/mcdonald_bill00.html'),(573,3,28,'Carl Adams','Head Wrestling Coach','(617) 358-3789','cadams@bu.edu','http://www.goterriers.com/sports/m-wrestl/mtt/adams_carl00.html'),(574,3,28,'Sean Harrington','Assistant Wrestling Coach','(617) 353-5681','seanharr@bu.edu','http://www.goterriers.com/sports/m-wrestl/mtt/harrington_sean00.html'),(575,3,20,'Thomas Bohrer','Head Men\'s Crew Coach','(617) 358-3792','tbohrer@bu.edu','http://www.goterriers.com/sports/m-crew/mtt/bohrer_thomas01.html'),(576,3,20,'John Lindberg','Associate Head Coach & Recruiting Director','(617) 799-3987','johnl@bu.edu','http://www.goterriers.com/sports/m-crew/mtt/lindberg_john00.html'),(577,3,20,'Russ Cone','Boatman Men\'s and Women\'s Crew','(617) 868-2377','russcone@bu.edu','http://www.goterriers.com/sports/m-crew/mtt/cone_russ00.html'),(578,3,27,'Lesley Sheehan','Head Women\'s Tennis Coach','(617) 353-3235','lsheehan@bu.edu','http://www.goterriers.com/sports/w-tennis/mtt/sheehan_lesley00.html'),(579,3,27,'Chrissy Cerretani','Assistant Women\'s Tennis Coach','(617) 353-3235','chrissy5@bu.edu','http://www.goterriers.com/sports/w-tennis/mtt/cerretani_chrissy00.html'),(580,3,10,'Robyne Johnson','Director','(617) 358-3788','robynej@bu.edu','http://www.goterriers.com/sports/m-track/mtt/johnson_robyne00.html'),(581,3,19,'Robyne Johnson','Director','(617) 358-3788','robynej@bu.edu','http://www.goterriers.com/sports/m-track/mtt/johnson_robyne00.html'),(582,3,9,'Robyne Johnson','Director','(617) 358-3788','robynej@bu.edu','http://www.goterriers.com/sports/m-track/mtt/johnson_robyne00.html'),(583,3,17,'Robyne Johnson','Director','(617) 358-3788','robynej@bu.edu','http://www.goterriers.com/sports/m-track/mtt/johnson_robyne00.html'),(584,3,10,'Bruce Lehane','Assistant Director/Head Coach - Cross Country','(617) 353-6092','blehane@bu.edu','http://www.goterriers.com/sports/m-track/mtt/lehane_bruce00.html'),(585,3,19,'Bruce Lehane','Assistant Director/Head Coach - Cross Country','(617) 353-6092','blehane@bu.edu','http://www.goterriers.com/sports/m-track/mtt/lehane_bruce00.html'),(586,3,9,'Bruce Lehane','Assistant Director/Head Coach - Cross Country','(617) 353-6092','blehane@bu.edu','http://www.goterriers.com/sports/m-track/mtt/lehane_bruce00.html'),(587,3,17,'Bruce Lehane','Assistant Director/Head Coach - Cross Country','(617) 353-6092','blehane@bu.edu','http://www.goterriers.com/sports/m-track/mtt/lehane_bruce00.html'),(588,3,10,'Mike Delgado','Assistant Coach','(617) 353-8679','delgadom@bu.edu','http://www.goterriers.com/sports/m-track/mtt/delgado_mike00.html'),(589,3,19,'Mike Delgado','Assistant Coach','(617) 353-8679','delgadom@bu.edu','http://www.goterriers.com/sports/m-track/mtt/delgado_mike00.html'),(590,3,9,'Mike Delgado','Assistant Coach','(617) 353-8679','delgadom@bu.edu','http://www.goterriers.com/sports/m-track/mtt/delgado_mike00.html'),(591,3,17,'Mike Delgado','Assistant Coach','(617) 353-8679','delgadom@bu.edu','http://www.goterriers.com/sports/m-track/mtt/delgado_mike00.html'),(592,3,10,'Gabriel Sanders','Assistant Coach','(617) 358-4821','gsanders@bu.edu','http://www.goterriers.com/sports/m-track/mtt/sanders_gabe00.html'),(593,3,19,'Gabriel Sanders','Assistant Coach','(617) 358-4821','gsanders@bu.edu','http://www.goterriers.com/sports/m-track/mtt/sanders_gabe00.html'),(594,3,9,'Gabriel Sanders','Assistant Coach','(617) 358-4821','gsanders@bu.edu','http://www.goterriers.com/sports/m-track/mtt/sanders_gabe00.html'),(595,3,17,'Gabriel Sanders','Assistant Coach','(617) 358-4821','gsanders@bu.edu','http://www.goterriers.com/sports/m-track/mtt/sanders_gabe00.html'),(596,3,6,'Buddy Powers','Assistant Men\'s Ice Hockey Coach','(617) 353-4621','bpowers@bu.edu','http://www.goterriers.com/sports/m-hockey/mtt/powers_buddy00.html'),(597,3,8,'Dan Colwell','Volunteer Assistant Coach','',NULL,'http://www.goterriers.com/sports/m-soccer/mtt/colwell_dan00.html'),(598,3,12,'Brian Durocher','Head Women\'s Ice Hockey Coach','(617) 358-3881','goaltend@bu.edu','http://www.goterriers.com/sports/w-hockey/mtt/durocher_brian00.html'),(599,3,12,'Allison Coomey','Assistant Women\'s Ice Hockey Coach','(617) 358-3883','acoomey@bu.edu','http://www.goterriers.com/sports/w-hockey/mtt/coomey_allison00.html'),(600,3,12,'Katie Lachapelle','Assistant Women\'s Ice Hockey Coach','(617) 358-3882','klach@bu.edu','http://www.goterriers.com/sports/w-hockey/mtt/lachapelle_katie00.html'),(601,3,25,'Stacey Rippetoe','Head Women\'s Rowing Coach','(617) 358-2510','rippetoe@bu.edu','http://www.goterriers.com/sports/w-crew/mtt/rippetoe_stacey00.html'),(602,3,25,'Paula Thoms','Assistant Women\'s Rowing Coach','(617) 358-0405','pthoms@bu.edu','http://www.goterriers.com/sports/w-crew/mtt/thoms_paula00.html'),(603,3,25,'Matt Hanig','Assistant Women\'s Rowing Coach','(617) 358-7128','mhanig@bu.edu','http://www.goterriers.com/sports/w-crew/mtt/hanig_matt00.html'),(604,3,25,'Malcolm Doldron','Women\'s Rowing Recruiting Coordinator','(617) 358-3285','mdoldron@bu.edu','http://www.goterriers.com/sports/w-crew/mtt/doldron_malcolm00.html'),(605,3,25,'Russ Cone','Boatman Men\'s and Women\'s Rowing','(617) 868-2377','russcone@bu.edu','http://www.goterriers.com/sports/m-crew/mtt/cone_russ00.html'),(606,3,6,'Mike Geragosian','Volunteer Assistant Coach','',NULL,'http://www.goterriers.com/sports/m-hockey/mtt/geragosian_mike00.html'),(607,3,6,'Pertti Hasanen','Director of Men\'s Hockey Operations','(617) 358-6306','phasanen@bu.edu','http://www.goterriers.com/sports/m-hockey/mtt/hasanen_pertti00.html'),(608,2,1,'Amanda Dooda','Assistant Cheerleading Coach','603-380-2502',NULL,'http://www.unhwildcats.com/athleticsDept/directory/bios/amanda_dooda_cheer?tmpl=/information/directory/bio-template'),(609,2,1,'Amanda Temple','Head Coach','603-781-9966','amanda.temple@unh.edu','http://www.unhwildcats.com/athleticsDept/directory/bios/amanda_temple_cheer?tmpl=/information/directory/bio-template'),(610,2,2,'Sean McDonnell','Head Coach','603-862-1852','sean.mcdonnell@unh.edu','http://www.unhwildcats.com/sports/fball/coaches/Sean_McDonnell?tmpl=/information/directory/bio-template'),(611,2,2,'John Lyons','Defensive Coordinator (DB)','603-862-3898','john.lyons@unh.edu','http://www.unhwildcats.com/sports/fball/coaches/Lyons_John?tmpl=/information/directory/bio-template'),(612,2,2,'Ryan Carty','Offensive Coordinator (QB)','603-862-4262','ryancarty10@gmail.com','http://www.unhwildcats.com/sports/fball/coaches/Ryan_Carty?tmpl=/information/directory/bio-template'),(613,2,2,'Jon Shelton','Assistant Coach (DE)','603-862-3912','jon.shelton@unh.edu','http://www.unhwildcats.com/sports/fball/coaches/Jon_Shelton?tmpl=/information/directory/bio-template'),(614,2,2,'Brian Barbato','Assistant Coach (TE)','603-862-3431','brian.barbato@unh.edu','http://www.unhwildcats.com/sports/fball/coaches/Brian_Barbato?tmpl=/information/directory/bio-template'),(615,2,2,'Michael Ferzoco','Assistant Coach (RB)/Recruiting Coordinator','603-862-3902','mike.ferzoco@unh.edu','http://www.unhwildcats.com/sports/fball/coaches/Michael_Ferzoco?tmpl=/information/directory/bio-template'),(616,2,2,'Alex Miller','Assistant Coach (OL)','603-862-3899','alex.miller@unh.edu','http://www.unhwildcats.com/sports/fball/coaches/Alex_Miller?tmpl=/information/directory/bio-template'),(617,2,2,'Art Link','Assistant Coach (LB)','603-862-3502','art.link@unh.edu','http://www.unhwildcats.com/sports/fball/coaches/art_link?tmpl=/information/directory/bio-template'),(618,2,2,'Ricky Santos','Assistant Coach (WR)','603-862-3899','rwsantos2@gmail.com','http://www.unhwildcats.com/sports/fball/coaches/santosricky?tmpl=/information/directory/bio-template'),(619,2,2,'Scott James','Assistant Coach (S)','603-862-3899','scott.james@unh.edu','http://www.unhwildcats.com/sports/fball/coaches/james_scott?tmpl=/information/directory/bio-template'),(620,2,2,'Bobby Callahan','Assistant A.D., Football Operations','603-862-5098','bobby.callahan@unh.edu','http://www.unhwildcats.com/sports/fball/coaches/Bobby_Callahan?tmpl=/information/directory/bio-template'),(621,2,2,'Matthew Delgado','Director of Video Operations, NFL/Pro Liaison','603-862-1852','matthewjdelgado@yahoo.com','http://www.unhwildcats.com/sports/fball/coaches/Matthew_Delgado?tmpl=/information/directory/bio-template'),(622,2,3,'Robin Balducci','Head Coach','603-674-2523','robin.balducci@unh.edu','http://www.unhwildcats.com/sports/fh/coaches/Balducci_Robin?tmpl=/information/directory/bio-template'),(623,2,3,'Ross Gorham','Assistant Coach','603-422-2925','ross.gorham@unh.edu','http://www.unhwildcats.com/sports/fh/coaches/Ross_Gorham?tmpl=/information/directory/bio-template'),(624,2,3,'Meg Shea','Assistant Coach',NULL,'megan.shea@unh.edu','http://www.unhwildcats.com/sports/fh/coaches/Meg_Shea?tmpl=/information/directory/bio-template'),(625,2,4,'Gail Goodspeed','Head Coach','603-862-3834','gail.goodspeed@unh.edu','http://www.unhwildcats.com/sports/gymnastics/coaches/Gail_Goodspeed?tmpl=/information/directory/bio-template'),(626,2,4,'Ed Datti','Associate Head Coach','603-862-3834','edmund.datti@unh.edu','http://www.unhwildcats.com/sports/gymnastics/coaches/Ed_Datti?tmpl=/information/directory/bio-template'),(627,2,4,'Ali Carr','Assistant Coach','603-862-3834','alison.carr@unh.edu','http://www.unhwildcats.com/sports/gymnastics/coaches/carr_ali?tmpl=/information/directory/bio-template'),(628,2,5,'Bill Herrion','Head Coach','603-862-3881','bill.herrion@unh.edu','http://www.unhwildcats.com/sports/mbkb/coaches/Bill_Herrion?tmpl=/information/directory/bio-template'),(629,2,5,'Ken Dempsey','Associate Head Coach','603-862-1844','ken.dempsey@unh.edu','http://www.unhwildcats.com/sports/mbkb/coaches/Kenneth_Dempsey?tmpl=/information/directory/bio-template'),(630,2,5,'Chris Mohr','Assistant Coach','603-862-3905','chris.mohr@unh.edu','http://www.unhwildcats.com/sports/mbkb/coaches/Chris_Mohr?tmpl=/information/directory/bio-template'),(631,2,5,'Marc Kuntz','Assistant Coach',NULL,'Marc.Kuntz@unh.edu','http://www.unhwildcats.com/sports/mbkb/coaches/Marc_Kuntz?tmpl=/information/directory/bio-template'),(632,2,5,'Scott Weitzell','Director of Basketball Operations','603-862-2490','unh.hoops@unh.edu','http://www.unhwildcats.com/sports/mbkb/coaches/Scott_Weitzell?tmpl=/information/directory/bio-template'),(633,2,5,'Ryan Herrion','Video Coordinator/Player Development',NULL,'ryan.herrion@unh.edu','http://www.unhwildcats.com/sports/mbkb/coaches/Ryan_Herrion?tmpl=/information/directory/bio-template'),(634,2,6,'Dick Umile','Head Coach','603-862-1161','R.Umile@unh.edu','http://www.unhwildcats.com/sports/mice/coaches/Dick_Umile?tmpl=/information/directory/bio-template'),(635,2,6,'Scott Borek','Associate Head Coach','603-862-1810','sborek@unh.edu','http://www.unhwildcats.com/sports/mice/coaches/Scott_Borek?tmpl=/information/directory/bio-template'),(636,2,6,'Jim Tortorella','Associate Head Coach','603-862-1134','jim.tortorella@unh.edu','http://www.unhwildcats.com/sports/mice/coaches/Jim_Tortorella?tmpl=/information/directory/bio-template'),(637,2,6,'Dan Lupi','Goaltending Coach',NULL,NULL,'http://www.unhwildcats.com/sports/mice/coaches/Dan_Lupi?tmpl=/information/directory/bio-template'),(638,2,6,'Colin Shank','Asst. AD for Hockey Operations','603-862-4250','colin.shank@unh.edu','http://www.unhwildcats.com/sports/mice/coaches/Colin_Shank?tmpl=/information/directory/bio-template'),(639,2,6,'Tim Churchard','Sports Psychology','603-862-2310',NULL,'http://www.unhwildcats.com/sports/mice/coaches/Tim_Churchard?tmpl=/information/directory/bio-template'),(640,2,7,'Cory Schwartz','Ski Coordinator / Head Coach- Nordic','603-512-2317','corys@unh.edu','http://www.unhwildcats.com/sports/mskiing/coaches/Schwartz_Cory?tmpl=/information/directory/bio-template'),(641,2,7,'Brian Blank','Head Coach- Alpine','603-862-3893','brian.blank@unh.edu','http://www.unhwildcats.com/sports/mskiing/coaches/Blank_Brian?tmpl=/information/directory/bio-template'),(642,2,7,'Stephen Monsulick','Assistant Coach- Nordic','207-319-5711','stephen.monsulick@unh.edu','http://www.unhwildcats.com/sports/mskiing/coaches/Monsulick_Stephen?tmpl=/information/directory/bio-template'),(643,2,7,'Katie Sheehan','Assistant Coach- Alpine','603-988-3356','katie.hitchcock@unh.edu','http://www.unhwildcats.com/sports/mskiing/coaches/Katie_Hitchcock?tmpl=/information/directory/bio-template'),(644,2,8,'Rob Thompson','Head Coach','603-862-3211','robt@hopper.unh.edu','http://www.unhwildcats.com/sports/msoc/coaches/Thompson_Rob?tmpl=/information/directory/bio-template'),(645,2,8,'Ewan Seabrook','Associate Head Coach','603-862-3904','ewan.seabrook@unh.edu','http://www.unhwildcats.com/sports/msoc/coaches/Seabrook_Ewan?tmpl=/information/directory/bio-template'),(646,2,8,'Tony Bassett','Assistant Coach',NULL,'Tony.Bassett@unh.edu','http://www.unhwildcats.com/sports/msoc/coaches/Tony_Bassett?tmpl=/information/directory/bio-template'),(647,2,9,'Dan Randlett','Assistant Coach',NULL,'daniel.randlett@unh.edu','http://www.unhwildcats.com/sports/mtrack/coaches/Dan_Randlett?tmpl=/information/directory/bio-template'),(648,2,9,'Jim Boulanger','Head Coach','603-862-3888','jhb@cisunix.unh.edu','http://www.unhwildcats.com/sports/mxc/coaches/Jim_Boulanger?tmpl=/information/directory/bio-template'),(649,2,10,'Jim Boulanger','Head Coach','603-862-3888','jhb@cisunix.unh.edu','http://www.unhwildcats.com/sports/mxc/coaches/Jim_Boulanger?tmpl=/information/directory/bio-template'),(650,2,11,'Maureen Magarity','Head Coach','603-862-2838','maureen.magarity@unh.edu','http://www.unhwildcats.com/sports/wbkb/coaches/Maureen_Magarity?tmpl=/information/directory/bio-template'),(651,2,11,'Mike Roux','Associate Head Coach','603-862-0281','Mike.Roux@unh.edu','http://www.unhwildcats.com/sports/wbkb/coaches/Mike_Roux?tmpl=/information/directory/bio-template'),(652,2,11,'Brendan Copes','Assistant Coach','603-862-0282','brendan.copes@unh.edu','http://www.unhwildcats.com/sports/wbkb/coaches/brendan_copes?tmpl=/information/directory/bio-template'),(653,2,11,'Kristen Linderoth','Assistant Coach','603-862-4059','Kristen.Linderoth@unh.edu','http://www.unhwildcats.com/sports/wbkb/coaches/Kristen_Linderoth?tmpl=/information/directory/bio-template'),(654,2,12,'Jamie Wood','Interim co-Head Coach','603-862-0305','jamie.wood@unh.edu','http://www.unhwildcats.com/sports/wice/coaches/Wood__Jamie?tmpl=/information/directory/bio-template'),(655,2,12,'Stephanie Jones','Interim co-Head Coach','603-862-0305','stephanie.jones@unh.edu','http://www.unhwildcats.com/sports/wice/coaches/Jones_Stephanie?tmpl=/information/directory/bio-template'),(656,2,12,'Stuart Frye','Volunteer Assistant Coach',NULL,NULL,'http://www.unhwildcats.com/sports/wice/coaches/Stuart_Frye?tmpl=/information/directory/bio-template'),(657,2,13,'Sarah Albrecht','Head Coach','603-862-4481','sarah.albrecht@unh.edu','http://www.unhwildcats.com/sports/wlax/coaches/Albrecht_Sarah?tmpl=/information/directory/bio-template'),(658,2,13,'Eileen Finn','Assistant coach','603-862-4731','Eileen.Finn@unh.edu','http://www.unhwildcats.com/sports/wlax/coaches/Finn_Eileen?tmpl=/information/directory/bio-template'),(659,2,13,'Jesse O\'Donnell','Assistant Coach','603-862-4731','jesse.odonnell@unh.edu','http://www.unhwildcats.com/sports/wlax/coaches/ODonnell_Jesse?tmpl=/information/directory/bio-template'),(660,2,14,'Cory Schwartz','Ski Coordinator / Head Coach- Nordic','603-512-2317','corys@unh.edu','http://www.unhwildcats.com/sports/mskiing/coaches/Schwartz_Cory?tmpl=/information/directory/bio-template'),(661,2,14,'Brian Blank','Head Coach- Alpine','603-862-3893','brian.blank@unh.edu','http://www.unhwildcats.com/sports/mskiing/coaches/Blank_Brian?tmpl=/information/directory/bio-template'),(662,2,14,'Stephen Monsulick','Assistant Coach- Nordic','207-319-5711','stephen.monsulick@unh.edu','http://www.unhwildcats.com/sports/mskiing/coaches/Monsulick_Stephen?tmpl=/information/directory/bio-template'),(663,2,14,'Katie Sheehan','Assistant Coach- Alpine','603-988-3356','katie.hitchcock@unh.edu','http://www.unhwildcats.com/sports/mskiing/coaches/Katie_Hitchcock?tmpl=/information/directory/bio-template'),(664,2,15,'Sam Lopes','Head Coach','603-862-3822','Samuel.Lopes@unh.edu','http://www.unhwildcats.com/sports/wsoc/coaches/Sam_Lopes?tmpl=/information/directory/bio-template'),(665,2,15,'Carlos Pinhancos','Assistant Coach/Recruiting Coordinator',NULL,'carlos.pinhancos@unh.edu','http://www.unhwildcats.com/sports/wsoc/coaches/Carlos_Pinhancos?tmpl=/information/directory/bio-template'),(666,2,15,'Kyle Bak','Assistant Coach',NULL,'kyle.bak@unh.edu','http://www.unhwildcats.com/sports/wsoc/coaches/Kyle_Bak?tmpl=/information/directory/bio-template'),(667,2,15,'Monique LaMotte','Director of Soccer Operations',NULL,NULL,'http://www.unhwildcats.com/sports/wsoc/coaches/Monique_LaMotte?tmpl=/information/directory/bio-template'),(668,2,16,'Josh Willman','Head Coach','603-862-3832','josh.willman@unh.edu','http://www.unhwildcats.com/sports/wswimdive/coaches/Willman_Josh?tmpl=/information/directory/bio-template'),(669,2,16,'Jarrod Zwirko','Associate Head Coach/Recruiting Coordinator','603-862-3751','jarrod.zwirko@unh.edu','http://www.unhwildcats.com/sports/wswimdive/coaches/Zwirko_Jarrod?tmpl=/information/directory/bio-template'),(670,2,16,'Robin Kamil','Diving Coach',NULL,'robin.kamil@unh.edu','http://www.unhwildcats.com/sports/wswimdive/2013-14/Robin_Kamil?tmpl=/information/directory/bio-template'),(671,2,16,'Jared Felker','Volunteer Assistant Coach',NULL,NULL,'http://www.unhwildcats.com/sports/wswimdive/coaches/Jared_Felker?tmpl=/information/directory/bio-template'),(672,2,17,'Casey Carroll','Head Coach','603-862-3815','ccarroll@hopper.unh.edu','http://www.unhwildcats.com/sports/wtrack/coaches/Casey_Carroll?tmpl=/information/directory/bio-template'),(673,2,17,'Robert Hoppler','Head Coach','603-862-4740','rhoppler@cisunix.unh.edu','http://www.unhwildcats.com/sports/wxc/coaches/Robert_Hoppler?tmpl=/information/directory/bio-template'),(674,2,18,'Jill Hirschinger','Head Coach','603-862-4664','jill.hirschinger@unh.edu','http://www.unhwildcats.com/sports/wvball/coaches/Jill_Hirschinger?tmpl=/information/directory/bio-template'),(675,2,18,'Stacy Barnett','Associate Head Coach','603-862-4664','stacy.barnett@unh.edu','http://www.unhwildcats.com/sports/wvball/coaches/Stacy_Barnett?tmpl=/information/directory/bio-template'),(676,2,18,'Kathleen Colpoys','Assistant Coach','603-862-4664','kathleen.colpoys@unh.edu','http://www.unhwildcats.com/sports/wvball/coaches/Kathleen_Colpoys?tmpl=/information/directory/bio-template'),(677,2,18,'Jessie Schnepp','Volunteer Assistant Coach',NULL,NULL,'http://www.unhwildcats.com/sports/wvball/2013-14/bios/Jessie_Schnepp?tmpl=/information/directory/bio-template'),(678,2,19,'Robert Hoppler','Head Coach','603-862-4740','rhoppler@cisunix.unh.edu','http://www.unhwildcats.com/sports/wxc/coaches/Robert_Hoppler?tmpl=/information/directory/bio-template'),(679,4,18,'Chris Campbell','Head Coach','552-4639','chris.campbell@bc.edu','http://www.bceagles.com/sports/w-volley/mtt/campbell_chris00.html'),(680,4,18,'Edgard Da Gama','Assistant Coach','552-1822','edgard.dagama@bc.edu','http://www.bceagles.com/sports/w-volley/mtt/dagamaesilva_edgard00.html'),(681,4,2,'Barry Gallup','Associate Athletic Director - Football Operations','','gallup@bc.edu','http://www.bceagles.com/sports/m-footbl/mtt/gallup_barry00.html'),(682,4,8,'Ed Kelly','Head Coach','','msoccer@bc.edu','http://www.bceagles.com/sports/m-soccer/mtt/kelly_ed00.html'),(683,4,8,'Sergio Saccoccio','Assistant Coach','552-4085','','http://www.bceagles.com/sports/m-soccer/mtt/saccoccio_sergio00.html'),(684,4,12,'Katie King Crowley','Head Coach','','kingkt@bc.edu','http://www.bceagles.com/sports/w-hockey/mtt/crowley_katieking00.html'),(685,4,12,'Courtney Kennedy','Assistant Coach','552-3104','courtney.kennedy.1@bc.edu','http://www.bceagles.com/sports/w-hockey/mtt/kennedy_courtney00.html'),(686,4,19,'Randy Thomas','Head Coach','','','http://www.bceagles.com/sports/m-xc/mtt/thomas_randy00.html'),(687,4,27,'Nigel Bentley','Head Coach','','','http://www.bceagles.com/sports/w-tennis/mtt/bentley_nigel00.html'),(688,4,10,'Matt Kerr','Head Coach','','','http://www.bceagles.com/sports/m-xc/mtt/kerr_matt00.html'),(689,4,13,'Acacia Walker','Head Coach','552-0481','acacia.walker@bc.edu','http://www.bceagles.com/sports/w-lacros/mtt/walker_acacia00.html'),(690,4,25,'Steve Fiske','Head Coach','552-2518','fiskest@bc.edu','http://www.bceagles.com/sports/w-rowing/mtt/fiske_steve00.html'),(691,4,25,'Amy Weatherby','Assistant Coach','552-8641','weathera@bc.edu','http://www.bceagles.com/sports/w-rowing/mtt/weatherby_amy00.html'),(692,4,26,'Drew Kayser','Head Coach','552-8759',' drew.kayser@bc.edu','http://www.bceagles.com/sports/m-golf/mtt/kayser_drew00.html'),(693,4,6,'Jerry York','Head Coach','','','http://www.bceagles.com/sports/m-hockey/mtt/york_jerry00.html'),(694,4,6,'Greg Brown','Assistant Coach','','','http://www.bceagles.com/sports/m-hockey/mtt/brown_greg00.html'),(695,4,15,'Alison Foley','Head Coach','','','http://www.bceagles.com/sports/w-soccer/mtt/foley_alison01.html'),(696,4,30,'Syd Fadner','Head Coach','','fadner@bc.edu','http://www.bceagles.com/sports/w-fenc/mtt/fadner_syd00.html'),(697,4,30,'Brendan Doris-Pierce','Assistant Coach','552-1048',' dorispib@bc.edu.','http://www.bceagles.com/sports/w-fenc/mtt/dorispierce_brendan00.html'),(698,4,7,'Scott MacPherson','Head Coach','','scott.macpherson.1@bc.edu','http://www.bceagles.com/sports/c-ski/mtt/macpherson_scott00.html'),(699,4,14,'Scott MacPherson','Head Coach','','scott.macpherson.1@bc.edu','http://www.bceagles.com/sports/c-ski/mtt/macpherson_scott00.html'),(700,4,5,'Steve Donahue','Head Coach','552-3006','','http://www.bceagles.com/sports/m-baskbl/mtt/donahue_steve00.html'),(701,4,5,'Nat Graham','Associate Head Coach','552-4737','nat.graham@bc.edu','http://www.bceagles.com/sports/m-baskbl/mtt/graham_nat00.html'),(702,4,5,'Akbar Waheed','Assistant Coach','552-4902','akbar.waheed@bc.edu','http://www.bceagles.com/sports/m-baskbl/mtt/waheed_akbar00.html'),(703,4,5,'Izzi Metz','Assistant Coach','552-0807','izzi.metz@bc.edu','http://www.bceagles.com/sports/m-baskbl/mtt/metz_izzi01.html'),(704,4,5,'Woody Kampmann','Director of Basketball Operations','552-3007','robert.kampmann@bc.edu','http://www.bceagles.com/sports/m-baskbl/mtt/kampmann_woody00.html'),(705,4,31,'Drew Kayser','Head Coach','552-8759',' drew.kayser@bc.edu','http://www.bceagles.com/sports/m-golf/mtt/kayser_drew00.html'),(706,4,3,' Ainslee Lamb','Head Coach','552-3410','Ainslee.lamb.1@bc.edu','http://www.bceagles.com/sports/w-fieldh/mtt/lamb_ainslee00.html'),(707,4,11,'Erik Johnson','Head Coach','','','http://www.bceagles.com/sports/w-baskbl/mtt/johnson_erik00.html'),(708,4,11,'Yvonne Hawkins','Associate Head Coach','552-4529','yvonne.hawkins@bc.edu','http://www.bceagles.com/sports/w-baskbl/mtt/hawkins_yvonne00.html'),(709,4,11,'Shelley Sheetz','Assistant Coach','552-0613','shelley.sheetz@bc.edu','http://www.bceagles.com/sports/w-baskbl/mtt/sheetz_shelley01.html'),(710,4,11,'Lisa Faulkner','Assistant Coach','552-0606','lisa.faulkner@bc.edu','http://www.bceagles.com/sports/w-baskbl/mtt/faulkner_lisa00.html'),(711,4,11,'Chris Brann','Director of Operations','552-3747','brannc@bc.edu','http://www.bceagles.com/sports/w-baskbl/mtt/brann_chris00.html'),(712,4,29,'Mike Gambino','Head Baseball Coach','552-2674','bc.baseball@bc.edu','http://www.bceagles.com/sports/m-basebl/mtt/gambino_mike01.html'),(713,4,29,'Scott Friedholm','Assistant Coach','552-1131','scott.friedholm@bc.edu','http://www.bceagles.com/sports/m-basebl/mtt/friedholm_scott00.html'),(714,4,24,'Ashley Obrest','Head Coach','','ashley.obrest@bc.edu','http://www.bceagles.com/sports/w-softbl/mtt/obrest_ashley01.html'),(715,4,23,'Scott Wilkins','Head Coach','',NULL,'http://www.bceagles.com/sports/m-tennis/mtt/wilkins_scott00.html'),(716,4,22,'Tom Groden','Head Coach','','groden@bc.edu','http://www.bceagles.com/sports/w-swim/mtt/groden_tom00.html'),(717,4,16,'Tom Groden','Head Coach','','groden@bc.edu','http://www.bceagles.com/sports/w-swim/mtt/groden_tom00.html'),(718,4,22,'Erica Dour','Diving Coach','','erica.dour.1@bc.edu','http://www.bceagles.com/sports/w-swim/mtt/dour_erica01.html'),(719,4,16,'Erica Dour','Diving Coach','','erica.dour.1@bc.edu','http://www.bceagles.com/sports/w-swim/mtt/dour_erica01.html'),(720,4,9,'Matt Kerr','Head Coach','',NULL,'http://www.bceagles.com/sports/m-track/mtt/kerr_matt00.html'),(721,4,5,'Ryan Wittman','Graduate Assistant','','ryan.wittman@bc.edu',''),(722,4,5,'Brad Fadem','Graduate Assistant','','bradley.fadem@bc.edu',''),(723,4,25,'Caitlin Mance','Assistant Coach','552-2518','caitlin.mance@bc.edu',''),(724,4,27,'Kieran Burke','Assistant Coach','552-3171','Kieran.Burke@bc.edu',''),(725,4,19,'Julie Heyde','Assistant Coach','552-3008','heyde@bc.edu',''),(726,4,26,'Bill Poutre','Assistant Coach','552-1643',' william.poutre@bc.edu',''),(727,4,6,'Mike Ayers','Assistant Coach','','',''),(728,4,6,'John Hegarty','Director of Hockey Operations','','john.hegarty.1@bc.edu',''),(729,4,6,'Christina Coleman','Staff Assistant','552-3028',NULL,''),(730,4,22,'Mike Stephens','Assistant Coach','552-3037','stephemd@bc.edu',''),(731,4,16,'Mike Stephens','Assistant Coach','552-3037','stephemd@bc.edu',''),(732,4,2,'Steve Addazio','Head Coach','','',''),(733,4,2,'Don Brown','Defensive Coordinator','','',''),(734,4,2,'Justin Frye','Offensive Line','','justin.frye@bc.edu',''),(735,4,2,'Ben Albert','Defensive Line','','benjamin.albert@bc.edu',''),(736,4,2,'Frank Leonard','Tight Ends','','frank.leonard@bc.edu',''),(737,4,2,'Todd Fitch','Wide Receivers','','todd.fitch@bc.edu',''),(738,4,2,'Al Washington','Running Backs','','alvin.washington@bc.edu',''),(739,4,2,'Kevin Lempa','Secondary','','kevin.lempa@bc.edu',''),(740,4,2,'Sean McGowan','Special Teams','','sean.mcgowan@bc.edu',''),(741,4,2,'TBA','Assistant Recruiting Coordinator','','',''),(742,4,2,'Reggie Terry','Assistant Athletic Director Football Operations & Player Personnel','','reginald.terry@bc.edu',''),(743,4,2,'Shane Morin','Assistant Director of Football Operations','','shane.morin@bc.edu',''),(744,4,2,'Frank Piraino','Strength and Conditioning','',' frank.piraino@bc.edu',''),(745,4,2,'Brandon Brown','Football Recruiting Support Specialist','',' brownadm@bc.edu',''),(746,4,2,'Jerrold Gordon','Football Administrator/Social Media Strategist','',' gordonjz@bc.edu',''),(747,4,2,'Cathy Albano','Staff Assistant','','albanoc@bc.edu',''),(748,4,2,'Briah Marra','Staff Assistant','552-2010','briah.boggs@bc.edu',''),(749,4,13,'Alexandra Frank','Assistant Coach','552-8959','alexandra.frank@bc.edu',''),(750,4,7,'Ben Manter','Assistant Coach','552-1645','benjamin.manter@bc.edu',''),(751,4,14,'Ben Manter','Assistant Coach','552-1645','benjamin.manter@bc.edu',''),(752,4,11,'Paula Cooper','Staff Assistant','552-4530','cooperpd@bc.edu',''),(753,4,11,'Louis Dale','Graduate Assistant','552-9135','louis.dale@bc.edu',''),(754,4,1,'John Gilbert','Head Coach','','john.gilbert.2@bc.edu',''),(755,4,1,'Stephanie Mangano','Assistant Coach','','manganos@bc.edu',''),(756,4,3,'Kelly Doton','Assistant Coach Coach','552-8583','kelly.doton@bc.edu',''),(757,4,24,'Hannah Angel','Assistant Coach','','hannah.angel@bc.edu',''),(995,5,1,'Lauren Millette','Head Coach','(401)-865-1773','lmillett@providence.edu',''),(996,5,1,'Samantha Wood','Graduate Assistant','(401)-865-1773','swood9@friars.providence.edu',''),(997,5,27,'Kyle LaBranche','Women\'s Tennis Coach','','klabranc@providence.edu',''),(998,5,22,'John O\'Neill','M/W Swimming Coach','(401) 865-2268','joneill7@providence.edu',''),(999,5,16,'John O\'Neill','M/W Swimming Coach','(401) 865-2268','joneill7@providence.edu',''),(1000,5,12,'Bob Deraney','Women\'s Ice Hockey Coach','(401) 865-2291','rderaney@providence.edu',''),(1001,5,12,'Melanie Ruzzi','Assistant Women\'s Ice Hockey Coach','(401) 865-1287','mruzzi@providence.edu',''),(1002,5,12,'Meredith Roth','Assistant Women\'s Ice Hockey Coach','(401) 865-1712','mroth1@providence.edu',''),(1003,5,12,'Genevieve Lacasse','Graduate Assistant',NULL,'glacasse@friars.providence.edu',''),(1004,5,21,'Chris Gabrielli','Men\'s Lacrosse Coach','(401) 865-2007','cgabrie1@providence.edu',''),(1005,5,21,'John Galloway','Assistant Men\'s Lacrosse Coach','(401) 865-2956','jgallowa@providence.edu',''),(1006,5,21,'Brett Holm','Assistant Men\'s Lacrosse Coach','(401) 865-1907','wholm@providence.edu',''),(1007,5,8,'Craig Stewart','Men\'s Soccer Coach','(401) 865-2322','cstewar3@providence.edu',''),(1008,5,8,'John Mark Andrade','Assistant Men\'s Soccer Coach','(401) 865-2005','jandrad4@providence.edu',''),(1009,5,8,'Dave DeMello','Assistant Men\'s Soccer Coach','(401) 865-2005','ddemello@providence.edu',''),(1010,5,11,'Susan Robinson Fruchtl','Head Women\'s Basketball Coach','(401) 865-2529',NULL,''),(1011,5,11,'Dan Durkin','Assistant Women\'s Basketball Coach','(401) 865-2538','ddurkin@providence.edu',''),(1012,5,11,'Kristeena Alexander','Assistant Women\'s Basketball Coach','(401) 865-2539','kalexan2@providence.edu',''),(1013,5,11,'Dario Hernandez','Assistant Women\'s Basketball Coach','(401) 865-2528','dhernan1@providence.edu',''),(1014,5,11,'Jen Wasson','Director of Women\'s Basketball Administration','(401) 865-1866','jwasson@providence.edu',''),(1015,5,11,'Lynne-Ann Kokoski','Coordinator of Women\'s Basketball Operations','(401) 865-2756','lkokoski@providence.edu',''),(1016,5,11,'Kelley Doogan','Graduate Assistant','(401) 865-2264','kdoogan.ga@providence.edu',''),(1017,5,10,'Ray Treacy','Cross Country/Track Coach','(401) 865-2427','rtreacy@providence.edu',''),(1018,5,19,'Ray Treacy','Cross Country/Track Coach','(401) 865-2427','rtreacy@providence.edu',''),(1019,5,9,'Ray Treacy','Cross Country/Track Coach','(401) 865-2427','rtreacy@providence.edu',''),(1020,5,17,'Ray Treacy','Cross Country/Track Coach','(401) 865-2427','rtreacy@providence.edu',''),(1021,5,10,'Kevin Myles','Asst. Cross Country/Track Coach','(401) 865-2969','kmyles@providence.edu',''),(1022,5,19,'Kevin Myles','Asst. Cross Country/Track Coach','(401) 865-2969','kmyles@providence.edu',''),(1023,5,9,'Kevin Myles','Asst. Cross Country/Track Coach','(401) 865-2969','kmyles@providence.edu',''),(1024,5,17,'Kevin Myles','Asst. Cross Country/Track Coach','(401) 865-2969','kmyles@providence.edu',''),(1025,5,18,'Margot Royer-Johnson','Volleyball Coach','(401) 865-2028','mroyer@providence.edu',''),(1026,5,18,'Edward DelSignore','Assistant Coach','(401) 865-2030','edelsig1@providence.edu',''),(1027,5,15,'Jim McGirr','Women\'s Soccer Coach','(401) 865-2032','jmcgirr@providence.edu',''),(1028,5,15,'Matt Kagan','Assistant Women\'s Soccer Coach','(401) 865-1973','mkagan@providence.edu',''),(1029,5,15,'Emily Holbrook','Assistant Women\'s Soccer Coach','(401) 865-1596','eholbroo@providence.edu',''),(1030,5,5,'Ed Cooley','Head Men\'s Basketball Coach','(401) 865-2266',NULL,''),(1031,5,5,'Andre LaFleur','Associate Head Basketball Coach','(401) 865-2266','alafleu1@providence.edu',''),(1032,5,5,'Bob Simon','Assistant Men\'s Basketball Coach','(401) 865-2266','rsimon1@providence.edu',''),(1033,5,5,'Brian Blaney','Assistant Men\'s Basketball Coach','(401) 865-2266','bblaney1@providence.edu',''),(1034,5,5,'Mike Jackson','Coordinator of Basketball Operations','(401) 865-2266','mjackso7@providence.edu',''),(1035,5,5,'Kevin Kurbec','Associate Director of Player Development/Video Operations','(401) 865-2266','kkurbec@providence.edu',''),(1036,5,5,'Susan Gibree','Senior Office Manager','(401) 865-2266','sgaber@providence.edu',''),(1037,5,5,'TBA','Graduate Assistant','(401) 865-2266','tba@friars.providence.edu',''),(1038,5,5,'George Wright-Easy','Graduate Manager','(401) 865-2266','gwrighte@friars.providence.edu',''),(1039,5,5,'Mike Evanovich','Graduate Manager','(401) 865-2266','mevanovi@friars.providence.edu',''),(1040,5,5,'Anthony Notar','Student Manager','(401) 865-2266','anotar@friars.providence.edu',''),(1041,5,5,'God Shammgod','Undergraduate Student Assistant Coach','(401) 865-2266','gshammgo@friars.providence.edu',''),(1042,5,24,'Kerri Jacklets','Softball Coach','(401) 865-1423','jacklets@providence.edu',''),(1043,5,24,'Heather Rush','Assistant Softball Coach','(401) 865-2967','hrush@providence.edu',''),(1044,5,24,'Kathy McLaughlin','Graduate Assistant','(401) 865-2967','kmclau11.ga@providence.edu',''),(1045,5,6,'Nate Leaman','Men\'s Ice Hockey Coach','(401) 865-2551','nleaman@providence.edu',''),(1046,5,6,'Ben Barr','Assistant Men\'s Ice Hockey Coach','(401) 865-2552','bbarr@providence.edu',''),(1047,5,6,'Jamie Russell','Assistant Men\'s Ice Hockey Coach','(401) 865-2553','jrussel5@providence.edu',''),(1048,5,6,'David Berard','Coordinator of Men\'s Ice Hockey Operations','(401) 865-2560','dberard@providence.edu',''),(1049,5,3,'Diane Madl','Field Hockey Coach','(401) 865-1518','dmadl@providence.edu',''),(1050,5,3,'Lisa Wasser','Assistant Coach','(401) 865-1718','lwasser@providence.edu','');
/*!40000 ALTER TABLE `coach` ENABLE KEYS */;
UNLOCK TABLES;

--
-- Table structure for table `college`
--

DROP TABLE IF EXISTS `college`;
/*!40101 SET @saved_cs_client     = @@character_set_client */;
/*!40101 SET character_set_client = utf8 */;
CREATE TABLE `college` (
  `id` int(11) NOT NULL AUTO_INCREMENT,
  `name` varchar(255) DEFAULT NULL,
  `athletic_staff_url` varchar(255) DEFAULT NULL,
  `division` int(11) DEFAULT NULL,
  `state` varchar(2) DEFAULT NULL,
  `public` tinyint(4) DEFAULT NULL,
  `tuition` int(11) DEFAULT NULL,
  `enrollment` int(11) DEFAULT NULL,
  `sat_math_25_pct` int(11) DEFAULT NULL,
  `sat_math_75_pct` int(11) DEFAULT NULL,
  `sat_reading_25_pct` int(11) DEFAULT NULL,
  `sat_reading_75_pct` int(11) DEFAULT NULL,
  PRIMARY KEY (`id`)
) ENGINE=InnoDB AUTO_INCREMENT=6 DEFAULT CHARSET=latin1;
/*!40101 SET character_set_client = @saved_cs_client */;

--
-- Dumping data for table `college`
--

LOCK TABLES `college` WRITE;
/*!40000 ALTER TABLE `college` DISABLE KEYS */;
INSERT INTO `college` VALUES (2,'New Hampshire','http://www.unhwildcats.com/athleticsDept/directory/index',1,'NH',1,26390,11942,500,610,490,590),(3,'Boston University','http://www.goterriers.com/staffdir/bost-staffdir.html',1,'MA',0,43970,15803,NULL,NULL,NULL,NULL),(4,'Boston College','http://www.bceagles.com/school-bio/bc-staff-directory.html',1,'MA',0,NULL,NULL,NULL,NULL,NULL,NULL),(5,'Providence College','http://www.friars.com/staffdir/prov-06-staffdir.html',1,'RI',0,NULL,NULL,NULL,NULL,NULL,NULL);
/*!40000 ALTER TABLE `college` ENABLE KEYS */;
UNLOCK TABLES;

--
-- Table structure for table `sport`
--

DROP TABLE IF EXISTS `sport`;
/*!40101 SET @saved_cs_client     = @@character_set_client */;
/*!40101 SET character_set_client = utf8 */;
CREATE TABLE `sport` (
  `id` int(11) NOT NULL AUTO_INCREMENT,
  `name` varchar(255) DEFAULT NULL,
  PRIMARY KEY (`id`)
) ENGINE=InnoDB AUTO_INCREMENT=33 DEFAULT CHARSET=latin1;
/*!40101 SET character_set_client = @saved_cs_client */;

--
-- Dumping data for table `sport`
--

LOCK TABLES `sport` WRITE;
/*!40000 ALTER TABLE `sport` DISABLE KEYS */;
INSERT INTO `sport` VALUES (1,'Cheerleading'),(2,'Football'),(3,'Field Hockey'),(4,'Gymnastics'),(5,'Men\'s Basketball'),(6,'Men\'s Ice Hockey'),(7,'Men\'s Skiing'),(8,'Men\'s Soccer'),(9,'Men\'s Track & Field'),(10,'Men\'s Cross Country'),(11,'Women\'s Basketball'),(12,'Women\'s Ice Hockey'),(13,'Women\'s Lacrosse'),(14,'Women\'s Skiing'),(15,'Women\'s Soccer'),(16,'Women\'s Swimming & Diving'),(17,'Women\'s Track & Field'),(18,'Women\'s Volleyball'),(19,'Women\'s Cross Country'),(20,'Men\'s Crew'),(21,'Men\'s Lacrosse'),(22,'Men\'s Swimming & Diving'),(23,'Men\'s Tennis'),(24,'Softball'),(25,'Women\'s Crew'),(26,'Women\'s Golf'),(27,'Women\'s Tennis'),(28,'Wrestling'),(29,'Baseball'),(30,'Fencing'),(31,'Men\'s Golf'),(32,'Sailing');
/*!40000 ALTER TABLE `sport` ENABLE KEYS */;
UNLOCK TABLES;
/*!40103 SET TIME_ZONE=@OLD_TIME_ZONE */;

/*!40101 SET SQL_MODE=@OLD_SQL_MODE */;
/*!40014 SET FOREIGN_KEY_CHECKS=@OLD_FOREIGN_KEY_CHECKS */;
/*!40014 SET UNIQUE_CHECKS=@OLD_UNIQUE_CHECKS */;
/*!40101 SET CHARACTER_SET_CLIENT=@OLD_CHARACTER_SET_CLIENT */;
/*!40101 SET CHARACTER_SET_RESULTS=@OLD_CHARACTER_SET_RESULTS */;
/*!40101 SET COLLATION_CONNECTION=@OLD_COLLATION_CONNECTION */;
/*!40111 SET SQL_NOTES=@OLD_SQL_NOTES */;

-- Dump completed on 2014-01-30 20:20:49
